Utilize, Use, Confuse, Guess
Commence, Start, Befuddle, Accompanying
Disseminate, Spread, Puzzler, Unfathomable
Perplex, Confuse, Guess, Improve
Obfuscate, Befuddle, Accompanying, Respect
Conundrum, Puzzler, Unfathomable, Connection
Conjecture, Guess, Improve, Learned
Concomitant, Accompanying, Respect, Enemy
Inscrutable, Unfathomable, Connection, Clear
Ameliorate, Improve, Learned, Articulate
Venerate, Respect, Enemy, Bubbly
Nexus, Connection, Clear, Scold
Erudite, Learned, Articulate, Understand
Adversary, Enemy, Bubbly,Venerate
Lucid, Clear, Scold,Nexus
Eloquent, Articulate, Understand,Erudite
Effervescent, Bubbly, Use,Adversary
Admonish, Scold, Start,Lucid
Apprehend, Understand, Spread,Eloquent